Plot,Trt,ObjectID,GlobalID,VisitCode_Quadrat,Location of Quadrat,quadphotos_VisitCode,Project,Phase,Treatments,Monitoring,Block,Unit,BEST_Treat,BareGround,LitterDuff,Gravel,Rock,LichenMoss,WoodyBasal,FWD,CWD,Column1,Total Ground Cover,Graminoids,Forbs,Shrubs,Seedlings,hr1,hr10,hr100,ParentGlobalID,CreationDate,Creator,EditDate,Editor
25,Control,359,be48f504-9adf-40e2-b11f-5576650da947,25.Pre,30m,25.Pre,LonePine,Pre,Control,Yes,Best,0,0,0,96,0,0,0,2,2,0,100,100,1,0,8,0,0.03,0,0,a3388e35-5136-4b7c-b4cb-a61156b68cc7,7/23/2020 14:49,MSI.swindell,7/23/2020 14:49,MSI.swindell
25,Control,356,ed9a1a03-a93f-48eb-b658-db30dba1e978,25.Pre,0m,25.Pre,LonePine,Pre,Control,Yes,Best,0,0,0,67,0,3,0,2,3,25,100,100,0,0,0,0,0.05,0.05,4,a3388e35-5136-4b7c-b4cb-a61156b68cc7,7/23/2020 14:49,MSI.swindell,7/23/2020 14:49,MSI.swindell
25,Control,358,1994897e-fdcb-4ea8-9545-d5ad4cbd5029,25.Pre,22.5m,25.Pre,LonePine,Pre,Control,Yes,Best,0,0,3,81,0,0,0,0,1,15,100,100,0,1,2,0,0.01,0,1.25,a3388e35-5136-4b7c-b4cb-a61156b68cc7,7/23/2020 14:49,MSI.swindell,7/23/2020 14:49,MSI.swindell
25,Control,357,8d14232f-5d68-4875-8804-0f40130d61ea,25.Pre,7.5m,25.Pre,LonePine,Pre,Control,Yes,Best,0,0,0,92,0,0,0,0,4,4,100,100,1,2,1,0,0.03,0.09,0,a3388e35-5136-4b7c-b4cb-a61156b68cc7,7/23/2020 14:49,MSI.swindell,7/23/2020 14:49,MSI.swindell
26,Control,351,7da2aa05-c324-47f8-94a8-d1610f37091f,26.Pre,0m,26.Pre,LonePine,Pre,Control,Yes,Best,0,0,0,97,0,0,0,1,2,0,100,100,2,1,4,0,0.03,0,0,8e307197-8839-4a76-a705-ed9f7ed63952,7/23/2020 14:49,MSI.swindell,7/23/2020 14:49,MSI.swindell
26,Control,352,19ac4018-568b-4978-887f-c8f44beedd20,26.Pre,7.5m,26.Pre,LonePine,Pre,Control,Yes,Best,0,0,0,96,0,0,0,1,1,2,100,100,0,2,2,0,0.02,0.02,0.3,8e307197-8839-4a76-a705-ed9f7ed63952,7/23/2020 14:49,MSI.swindell,7/23/2020 14:49,MSI.swindell
26,Control,353,85bc6f56-7320-4235-99d3-4ef269005faf,26.Pre,22.5m,26.Pre,LonePine,Pre,Control,Yes,Best,0,0,0,96,0,0,0,1,2,1,100,100,0,5,4,0,0.05,0.03,0,8e307197-8839-4a76-a705-ed9f7ed63952,7/23/2020 14:49,MSI.swindell,7/23/2020 14:49,MSI.swindell
26,Control,354,3ad5cfa4-a1e4-4b3d-9000-e75453cc9888,26.Pre,30m,26.Pre,LonePine,Pre,Control,Yes,Best,0,0,0,94,0,0,0,0,5,1,100,100,0,2,3,0,0.09,0.02,0,8e307197-8839-4a76-a705-ed9f7ed63952,7/23/2020 14:49,MSI.swindell,7/23/2020 14:49,MSI.swindell
27,Control,346,d01a81e2-7309-44b8-99cb-dd4777c56074,27.Pre,7.5m,27.Pre,LonePine,Pre,Control,Yes,Best,0,0,0,91,0,0,0,1,4,4,100,100,2,1,1,0,0.03,0.05,0,7a66a965-31fd-4642-a8e9-582c2e419a3c,7/23/2020 14:49,MSI.swindell,7/23/2020 14:49,MSI.swindell
27,Control,347,b51501a6-dca4-4a90-8a43-69d57b64dfdd,27.Pre,0m,27.Pre,LonePine,Pre,Control,Yes,Best,0,0,2,93,0,0,0,2,3,0,100,100,1,2,3,0,0.05,0,0,7a66a965-31fd-4642-a8e9-582c2e419a3c,7/23/2020 14:49,MSI.swindell,7/23/2020 14:49,MSI.swindell
27,Control,345,df0f0f7c-c531-4c69-a0f2-c5622040ca55,27.Pre,22.5m,27.Pre,LonePine,Pre,Control,Yes,Best,0,0,45,42,0,0,0,0,1,12,100,100,5,1,1,0,0.02,0.06,3,7a66a965-31fd-4642-a8e9-582c2e419a3c,7/23/2020 14:49,MSI.swindell,7/23/2020 14:49,MSI.swindell
27,Control,344,b1a6ae94-09e5-44ed-936f-03807f911747,27.Pre,30m,27.Pre,LonePine,Pre,Control,Yes,Best,0,0,50,46,0,0,0,2,2,0,100,100,3,1,3,0,0.06,0.01,0,7a66a965-31fd-4642-a8e9-582c2e419a3c,7/23/2020 14:49,MSI.swindell,7/23/2020 14:49,MSI.swindell
28,Control,336,c40933a0-335d-4181-8507-e678de93736c,28.Pre,22.5m,28.Pre,LonePine,Pre,Control,Yes,Best,0,0,20,57,0,0,0,12,11,0,100,100,0,12,45,0,0.4,0,0,dd5a1bc2-8252-4271-bb52-2ce21a395efa,7/23/2020 14:49,MSI.swindell,7/23/2020 14:49,MSI.swindell
28,Control,335,086e2017-ff5b-4317-a77a-64887115f533,28.Pre,30m,28.Pre,LonePine,Pre,Control,Yes,Best,0,0,0,82,0,0,0,8,6,4,100,100,1,1,80,0,0.07,0.03,0,dd5a1bc2-8252-4271-bb52-2ce21a395efa,7/23/2020 14:49,MSI.swindell,7/23/2020 14:49,MSI.swindell
28,Control,337,a3540297-d22c-4fe8-9335-b82f6e87e9db,28.Pre,7.5m,28.Pre,LonePine,Pre,Control,Yes,Best,0,0,40,50,0,0,0,0,10,0,100,100,0,7,0,0,0.2,0,0,dd5a1bc2-8252-4271-bb52-2ce21a395efa,7/23/2020 14:49,MSI.swindell,7/23/2020 14:49,MSI.swindell
28,Control,338,79f84dc1-3ebe-49bf-b502-0d50befeb90a,28.Pre,0m,28.Pre,LonePine,Pre,Control,Yes,Best,0,0,0,86,0,0,0,3,11,0,100,100,0,1,62,0,0.06,0,0,dd5a1bc2-8252-4271-bb52-2ce21a395efa,7/23/2020 14:49,MSI.swindell,7/23/2020 14:49,MSI.swindell
29,Control,325,ed0bdd39-8dc8-42dd-b0bd-62feb183a23e,29.Pre,30m,29.Pre,LonePine,Pre,Control,Yes,Best,0,0,18,73,0,0,0,2,4,3,100,100,9,2,23,0,0.06,0.04,0,870c2906-277d-4a6a-8055-cb2d33117470,7/23/2020 14:48,MSI.swindell,7/23/2020 14:48,MSI.swindell
30,Control,331,09ec7805-27ea-41b6-be39-ef4997d9f072,30.Pre,30m,30.Pre,LonePine,Pre,Control,Yes,Best,0,0,1,75,0,0,0,5,19,0,100,100,0,1,50,0,0.9,0,0,e6abbb3d-646d-4934-9afa-85c77f649b3f,7/23/2020 14:49,MSI.swindell,7/23/2020 14:49,MSI.swindell
30,Control,334,ae5701cd-b022-41dd-bb31-bd2c61e3ffa8,30.Pre,7.5m,30.Pre,LonePine,Pre,Control,Yes,Best,0,0,2,63,0,0,0,15,18,2,100,100,0,1,30,0,0.4,0.01,0,e6abbb3d-646d-4934-9afa-85c77f649b3f,7/23/2020 14:49,MSI.swindell,7/23/2020 14:49,MSI.swindell
30,Control,333,91f588a8-693a-4d01-846d-d43db4b6e64d,30.Pre,0m,30.Pre,LonePine,Pre,Control,Yes,Best,0,0,0,89,0,0,0,1,6,4,100,100,1,2,8,0,0.3,0.3,0,e6abbb3d-646d-4934-9afa-85c77f649b3f,7/23/2020 14:49,MSI.swindell,7/23/2020 14:49,MSI.swindell
30,Control,332,76555068-0dc4-449b-81eb-d003b3ab2375,30.Pre,22.5m,30.Pre,LonePine,Pre,Control,Yes,Best,0,0,15,69,0,0,0,0,12,4,100,100,1,1,0,0,0.2,0.8,0,e6abbb3d-646d-4934-9afa-85c77f649b3f,7/23/2020 14:49,MSI.swindell,7/23/2020 14:49,MSI.swindell
31,Control,342,cf906bf6-897d-4047-9074-157c264f31e4,31.Pre,22.5m,31.Pre,LonePine,Pre,Control,Yes,Best,0,0,0,95,0,0,0,1,3,1,100,100,1,2,30,0,0.05,0.02,0,33c47638-e55a-4c37-b382-6aeca3b62cf4,7/23/2020 14:49,MSI.swindell,7/23/2020 14:49,MSI.swindell
31,Control,343,8a864198-4d94-434e-bb1d-4886a7c51275,31.Pre,30m,31.Pre,LonePine,Pre,Control,Yes,Best,0,0,1,77,0,0,0,0,7,15,100,100,0,0,6,0,0.08,0.1,0,33c47638-e55a-4c37-b382-6aeca3b62cf4,7/23/2020 14:49,MSI.swindell,7/23/2020 14:49,MSI.swindell
31,Control,340,dcd675c8-61d3-40bd-9b00-9199ceb2d5a2,31.Pre,0m,31.Pre,LonePine,Pre,Control,Yes,Best,0,0,0,90,0,0,0,7,3,0,100,100,0,0,75,0,0.01,0,0,33c47638-e55a-4c37-b382-6aeca3b62cf4,7/23/2020 14:49,MSI.swindell,7/23/2020 14:49,MSI.swindell
31,Control,341,883d06c5-859b-4d05-b6a9-dc20939fab6d,31.Pre,7.5m,31.Pre,LonePine,Pre,Control,Yes,Best,0,0,0,98,0,0,0,0,0,2,100,100,4,8,1,0,0.02,0.03,0,33c47638-e55a-4c37-b382-6aeca3b62cf4,7/23/2020 14:49,MSI.swindell,7/23/2020 14:49,MSI.swindell
32,Control,459,aad07ce9-6883-419d-b795-6ccec593847f,32.Pre,7.5m,32.Pre,LonePine,Pre,Control,Yes,Lake_canyon,0,0,0,98,0,0,0,0,2,0,100,100,0,2,0,0,0.05,0.05,0.08,7902fd8e-db72-436d-bc27-b736f430677d,7/30/2020 21:21,MSI.swindell,7/30/2020 21:21,MSI.swindell
32,Control,457,4557fe25-134e-4bd3-9486-70832497eadf,32.Pre,30m,32.Pre,LonePine,Pre,Control,Yes,Lake_canyon,0,0,1,74,0,0,0,25,0,0,100,100,0,1,0,0,0.1,0.15,0,7902fd8e-db72-436d-bc27-b736f430677d,7/30/2020 21:21,MSI.swindell,7/30/2020 21:21,MSI.swindell
32,Control,458,9054db43-ee2e-43b4-a579-30cd235bbe9f,32.Pre,22.5m,32.Pre,LonePine,Pre,Control,Yes,Lake_canyon,0,0,0,100,0,0,0,0,0,0,100,100,2,0,0,0,0.05,0.05,0,7902fd8e-db72-436d-bc27-b736f430677d,7/30/2020 21:21,MSI.swindell,7/30/2020 21:21,MSI.swindell
32,Control,460,468b4294-61c4-4d51-b26b-c30624b9ce63,32.Pre,0m,32.Pre,LonePine,Pre,Control,Yes,Lake_canyon,0,0,0,98,0,0,0,2,0,0,100,100,0,0,70,0,0.03,0.03,0,7902fd8e-db72-436d-bc27-b736f430677d,7/30/2020 21:21,MSI.swindell,7/30/2020 21:21,MSI.swindell
33,Control,434,8907acd6-b2b1-47f8-a181-1e2375de54ea,33.Pre,22.5m,33.Pre,LonePine,Pre,Control,Yes,Lake_creek,0,0,0,97,0,0,0,3,0,0,100,100,0,0,125,0,0.07,0.1,0,b135096e-a00f-4681-bd87-3f101fa03793,7/30/2020 21:20,MSI.swindell,7/30/2020 21:20,MSI.swindell
33,Control,432,74e47ae2-57b9-4e59-befa-62a197ca0c1c,33.Pre,0m,33.Pre,LonePine,Pre,Control,Yes,Lake_creek,0,0,0,97,0,0,0,3,0,0,100,100,0,0,250,0,0.07,0.12,0,b135096e-a00f-4681-bd87-3f101fa03793,7/30/2020 21:20,MSI.swindell,7/30/2020 21:20,MSI.swindell
33,Control,433,2fc25b2b-049e-45c3-a993-15fad0083f55,33.Pre,7.5m,33.Pre,LonePine,Pre,Control,Yes,Lake_creek,0,0,0,95,0,0,0,5,0,0,100,100,0,0,125,0,0.05,0.07,0,b135096e-a00f-4681-bd87-3f101fa03793,7/30/2020 21:20,MSI.swindell,7/30/2020 21:20,MSI.swindell
33,Control,435,b9a559cf-d7f3-40b0-aa30-c335afc76556,33.Pre,30m,33.Pre,LonePine,Pre,Control,Yes,Lake_creek,0,0,0,99,0,0,0,1,0,0,100,100,0,0,80,0,0.05,0.05,0,b135096e-a00f-4681-bd87-3f101fa03793,7/30/2020 21:20,MSI.swindell,7/30/2020 21:20,MSI.swindell
34,Control,512,b1fb872f-b1ca-4d90-9ea4-38de4318eea9,34.Pre,30m,34.Pre,LonePine,Pre,Control,Yes,Lake_canyon,0,0,0,98,0,0,0,2,0,0,100,100,0,0,75,0,0.03,0.03,0,1c3a1c11-cd00-4a47-9e51-dfa885b3fb27,7/30/2020 21:22,MSI.swindell,7/30/2020 21:22,MSI.swindell
34,Control,515,f4555335-1ea2-4153-ae67-4ff6c6a6aa57,34.Pre,0m,34.Pre,LonePine,Pre,Control,Yes,Lake_canyon,0,0,0,88,0,0,0,0,12,0,100,100,0,15,0,0,0.02,0.04,0.1,1c3a1c11-cd00-4a47-9e51-dfa885b3fb27,7/30/2020 21:22,MSI.swindell,7/30/2020 21:22,MSI.swindell
34,Control,514,b0dfee28-4e0a-4bb1-9351-7711e97f04b3,34.Pre,7.5m,34.Pre,LonePine,Pre,Control,Yes,Lake_canyon,0,0,0,95,0,0,0,2,3,0,100,100,0,10,100,0,0.03,0.03,0.07,1c3a1c11-cd00-4a47-9e51-dfa885b3fb27,7/30/2020 21:22,MSI.swindell,7/30/2020 21:22,MSI.swindell
34,Control,513,69a0dd9d-69ad-4ee9-a057-bc1246e1d1fa,34.Pre,22.5m,34.Pre,LonePine,Pre,Control,Yes,Lake_canyon,0,0,0,99,0,0,0,1,0,0,100,100,0,12,20,0,0.05,0.02,0,1c3a1c11-cd00-4a47-9e51-dfa885b3fb27,7/30/2020 21:22,MSI.swindell,7/30/2020 21:22,MSI.swindell
35,Control,516,be88f430-c19a-4d34-a102-1be964da10c4,35.Pre,0m,35.Pre,LonePine,Pre,Control,Yes,Lake_canyon,0,0,5,95,0,0,0,0,0,0,100,100,0,8,0,0,0.01,0.03,0,bcd16c2b-89be-4938-97c1-ea5dc159ac13,7/30/2020 21:22,MSI.swindell,7/30/2020 21:22,MSI.swindell
35,Control,518,1af5c7ba-3bbf-40d1-87d5-640959f7494a,35.Pre,22.5m,35.Pre,LonePine,Pre,Control,Yes,Lake_canyon,0,0,1,97,0,0,0,1,1,0,100,100,0,10,75,0,0.01,0.05,0,bcd16c2b-89be-4938-97c1-ea5dc159ac13,7/30/2020 21:22,MSI.swindell,7/30/2020 21:22,MSI.swindell
35,Control,519,09b41da9-5d5a-41c7-ba69-2a6b794649b7,35.Pre,30m,35.Pre,LonePine,Pre,Control,Yes,Lake_canyon,0,0,0,95,0,0,0,0,5,0,100,100,0,10,0,0,0.03,0.06,0,bcd16c2b-89be-4938-97c1-ea5dc159ac13,7/30/2020 21:22,MSI.swindell,7/30/2020 21:22,MSI.swindell
35,Control,517,1b9a830d-be04-4d64-a155-ab84675ae92d,35.Pre,7.5m,35.Pre,LonePine,Pre,Control,Yes,Lake_canyon,0,0,0,95,0,0,1,4,0,0,100,100,0,0,80,0,0.05,0.03,0,bcd16c2b-89be-4938-97c1-ea5dc159ac13,7/30/2020 21:22,MSI.swindell,7/30/2020 21:22,MSI.swindell
36,Control,448,6b0ceb75-408e-40a8-8234-5775b172e334,36.Pre,30m,36.Pre,LonePine,Pre,Control,Yes,Lake_canyon,0,0,0,99,0,0,0,1,0,0,100,100,0,0,100,0,0.05,0.07,0,08284033-ea19-4738-86f3-11ee2b0094d8,7/30/2020 21:20,MSI.swindell,7/30/2020 21:20,MSI.swindell
36,Control,450,2454d8b4-0f8f-42c1-9179-b504cb2e4fd3,36.Pre,7.5m,36.Pre,LonePine,Pre,Control,Yes,Lake_canyon,0,0,5,93,0,0,0,1,1,0,100,100,0,12,50,0,0.03,0.07,0,08284033-ea19-4738-86f3-11ee2b0094d8,7/30/2020 21:20,MSI.swindell,7/30/2020 21:20,MSI.swindell
36,Control,449,dd106f79-5f9b-4c87-b2df-ad112fae1614,36.Pre,22.5m,36.Pre,LonePine,Pre,Control,Yes,Lake_canyon,0,0,0,100,0,0,0,0,0,0,100,100,0,0,100,0,0.09,0.03,0,08284033-ea19-4738-86f3-11ee2b0094d8,7/30/2020 21:20,MSI.swindell,7/30/2020 21:20,MSI.swindell
36,Control,451,2b7cbf87-09d7-42b3-b700-c67e6d9d4b4b,36.Pre,0m,36.Pre,LonePine,Pre,Control,Yes,Lake_canyon,0,0,0,98,0,0,0,2,0,0,100,100,7,1,20,0,0.05,0.07,0,08284033-ea19-4738-86f3-11ee2b0094d8,7/30/2020 21:20,MSI.swindell,7/30/2020 21:20,MSI.swindell
37,Control,1695,d78168af-ea4f-467e-8eff-5c2d6e736bc5,37.Pre,0m,37.Pre,LonePine,Pre,Control,Yes,Bb,0,0,5,92,0,0,0,0,3,0,100,100,7,0,0,0,0.05,0,0,94d1284a-05d4-468a-9c9c-52afe1a6dce6,9/17/2020 20:11,MSI.swindell,9/17/2020 20:11,MSI.swindell
37,Control,1694,0e2b7168-0215-43f6-bd4b-864580d1e655,37.Pre,7.5m,37.Pre,LonePine,Pre,Control,Yes,Bb,0,0,0,86,0,0,0,0,14,0,100,100,0,0,0,0,1.9,3,0,94d1284a-05d4-468a-9c9c-52afe1a6dce6,9/17/2020 20:11,MSI.swindell,9/17/2020 20:11,MSI.swindell
37,Control,441,0452cad9-f0db-49ae-a170-a0eb32d3dc02,37.Pre,22.5m,37.Pre,LonePine,Pre,Control,Yes,Lake_creek,0,0,0,98,0,0,0,0,2,0,100,100,0,10,70,0,0.05,0.07,0,25d6f4ca-a36f-4967-914d-288a14404cf1,7/30/2020 21:20,MSI.swindell,7/30/2020 21:20,MSI.swindell
37,Control,440,85557c51-af79-41ba-9030-7bd19adb4722,37.Pre,7.5m,37.Pre,LonePine,Pre,Control,Yes,Lake_creek,0,0,0,100,0,0,0,0,0,0,100,100,0,15,30,0,0.07,0.05,0,25d6f4ca-a36f-4967-914d-288a14404cf1,7/30/2020 21:20,MSI.swindell,7/30/2020 21:20,MSI.swindell
37,Control,439,cbf3e2f7-132e-4332-a1d7-bf12aca99821,37.Pre,0m,37.Pre,LonePine,Pre,Control,Yes,Lake_creek,0,0,0,97,0,0,0,3,0,0,100,100,0,20,85,0,0.05,0.03,0,25d6f4ca-a36f-4967-914d-288a14404cf1,7/30/2020 21:20,MSI.swindell,7/30/2020 21:20,MSI.swindell
37,Control,442,5acf862d-1dc5-4291-b620-948db102c272,37.Pre,30m,37.Pre,LonePine,Pre,Control,Yes,Lake_creek,0,0,0,99,0,0,0,1,0,0,100,100,5,10,80,0,0.07,0.03,0,25d6f4ca-a36f-4967-914d-288a14404cf1,7/30/2020 21:20,MSI.swindell,7/30/2020 21:20,MSI.swindell
37,Control,1692,6419be51-88ab-4fb7-8d66-a2418bf5063d,37.Pre,30m,37.Pre,LonePine,Pre,Control,Yes,Bb,0,0,0,90,0,0,0,3,6,1,100,100,0,0,21,0,0.2,0.25,0.2,94d1284a-05d4-468a-9c9c-52afe1a6dce6,9/17/2020 20:11,MSI.swindell,9/17/2020 20:11,MSI.swindell
37,Control,1693,140ed218-10e9-4a76-85a2-8ba5d8940ee4,37.Pre,22.5m,37.Pre,LonePine,Pre,Control,Yes,Bb,0,0,50,50,0,0,0,0,0,0,100,100,1,0,0,0,0,0,0,94d1284a-05d4-468a-9c9c-52afe1a6dce6,9/17/2020 20:11,MSI.swindell,9/17/2020 20:11,MSI.swindell
38,Control,454,e9a08449-09fe-4125-a0e3-b80bd44e1096,38.Pre,22.5m,38.Pre,LonePine,Pre,Control,Yes,Lake_canyon,0,0,0,98,0,0,0,0,2,0,100,100,0,5,0,0,0.07,0.07,0,7c4f3008-161a-42db-9d3a-2d1dca1f94c3,7/30/2020 21:21,MSI.swindell,7/30/2020 21:21,MSI.swindell
38,Control,455,c57e60be-cbbf-49f4-b1d4-d87e50da1afa,38.Pre,0m,38.Pre,LonePine,Pre,Control,Yes,Lake_canyon,0,0,0,98,0,0,0,0,0,2,100,100,0,12,45,0,0.03,0.05,0,7c4f3008-161a-42db-9d3a-2d1dca1f94c3,7/30/2020 21:21,MSI.swindell,7/30/2020 21:21,MSI.swindell
38,Control,452,35dc697b-5b4c-4991-b7f0-1727ae0647b3,38.Pre,30m,38.Pre,LonePine,Pre,Control,Yes,Lake_canyon,0,0,0,99,0,0,0,0,1,0,100,100,0,10,0,0,0.05,0.07,0,7c4f3008-161a-42db-9d3a-2d1dca1f94c3,7/30/2020 21:21,MSI.swindell,7/30/2020 21:21,MSI.swindell
38,Control,453,a8f382c5-a25f-4990-83fe-dd56261a7ed1,38.Pre,22.5m,38.Pre,LonePine,Pre,Control,Yes,Lake_canyon,0,0,0,99,0,0,0,0,1,0,100,100,0,3,0,0,0.03,0.03,0,7c4f3008-161a-42db-9d3a-2d1dca1f94c3,7/30/2020 21:21,MSI.swindell,7/30/2020 21:21,MSI.swindell
39,90BA,521,71e3aa72-d352-4c7b-adb6-97ee9078e51f,39.Pre,22.5m,39.Pre,LonePine,Pre,LTR,No,Lake_canyon,0,90_BA,0,85,0,0,0,0,15,0,100,100,12,12,12,0,0.1,1,0.3,dd15220b-3541-4355-a09d-76bc1076a6a5,7/30/2020 21:22,MSI.swindell,7/30/2020 21:22,MSI.swindell
39,90BA,522,0b673a30-3d57-4819-8cd5-2e411804bf49,39.Pre,7.5m,39.Pre,LonePine,Pre,LTR,No,Lake_canyon,0,90_BA,0,99,0,0,0,1,0,0,100,100,0,0,75,0,0.07,0.01,0,dd15220b-3541-4355-a09d-76bc1076a6a5,7/30/2020 21:22,MSI.swindell,7/30/2020 21:22,MSI.swindell
39,90BA,520,18699274-12ac-459c-8028-9e5d96d752d8,39.Pre,30m,39.Pre,LonePine,Pre,LTR,No,Lake_canyon,0,90_BA,0,60,0,0,0,0,40,0,100,100,0,5,5,0,0.1,1,1,dd15220b-3541-4355-a09d-76bc1076a6a5,7/30/2020 21:22,MSI.swindell,7/30/2020 21:22,MSI.swindell
39,90BA,523,e173f9d2-ec0f-4ee1-be58-6428ac721fb6,39.Pre,0m,39.Pre,LonePine,Pre,LTR,No,Lake_canyon,0,90_BA,0,98,0,0,0,1,1,0,100,100,4,3,50,0,0.05,0.03,0,dd15220b-3541-4355-a09d-76bc1076a6a5,7/30/2020 21:22,MSI.swindell,7/30/2020 21:22,MSI.swindell
40,90BA,525,06149134-4ee7-48ec-865a-f28f990e2329,40.Pre,7.5m,40.Pre,LonePine,Pre,LTR,No,Lake_canyon,0,90_BA,0,98,0,0,0,2,0,0,100,100,0,3,50,0,0.12,0.15,0,89e9bf9d-c601-430a-930b-ae7b1168554e,7/30/2020 21:22,MSI.swindell,7/30/2020 21:22,MSI.swindell
40,90BA,526,949c0d8a-149a-466b-98cb-a70129a5b3b1,40.Pre,22.5m,40.Pre,LonePine,Pre,LTR,No,Lake_canyon,0,90_BA,0,90,0,0,0,1,9,0,100,100,0,0,75,0,0.07,0.12,0.15,89e9bf9d-c601-430a-930b-ae7b1168554e,7/30/2020 21:22,MSI.swindell,7/30/2020 21:22,MSI.swindell
40,90BA,527,136779d4-155e-4bab-8a3f-0da26fe3e3c9,40.Pre,30m,40.Pre,LonePine,Pre,LTR,No,Lake_canyon,0,90_BA,0,97,0,0,0,3,0,0,100,100,0,1,75,0,0.01,0.01,0,89e9bf9d-c601-430a-930b-ae7b1168554e,7/30/2020 21:22,MSI.swindell,7/30/2020 21:22,MSI.swindell
40,90BA,524,5ded3e7f-4dff-4c51-8580-55430a81986e,40.Pre,0m,40.Pre,LonePine,Pre,LTR,No,Lake_canyon,0,90_BA,0,100,0,0,0,0,0,0,100,100,0,0,30,0,0.01,0.05,0,89e9bf9d-c601-430a-930b-ae7b1168554e,7/30/2020 21:22,MSI.swindell,7/30/2020 21:22,MSI.swindell
41,90BA,530,209e15ba-074c-472e-9e6e-627e3406c44a,41.Pre,22.5m,41.Pre,LonePine,Pre,LTR,No,Lake_canyon,0,90_BA,0,99,0,0,0,1,0,0,100,100,0,5,75,0,0.03,0.03,0,55d34c3c-9dc2-4a25-b8ed-6f31efba65ba,7/30/2020 21:22,MSI.swindell,7/30/2020 21:22,MSI.swindell
41,90BA,531,03fde531-2a35-4648-b4d8-1b350ce5d10e,41.Pre,30m,41.Pre,LonePine,Pre,LTR,No,Lake_canyon,0,90_BA,0,99,0,0,0,0,1,0,100,100,0,5,0,0,0.02,0.04,0,55d34c3c-9dc2-4a25-b8ed-6f31efba65ba,7/30/2020 21:22,MSI.swindell,7/30/2020 21:22,MSI.swindell
41,90BA,529,9faf0b02-bb25-41e8-84fd-4be5c4735785,41.Pre,7.5m,41.Pre,LonePine,Pre,LTR,No,Lake_canyon,0,90_BA,0,97,0,0,0,0,3,0,100,100,0,10,25,0,0.03,0.1,0,55d34c3c-9dc2-4a25-b8ed-6f31efba65ba,7/30/2020 21:22,MSI.swindell,7/30/2020 21:22,MSI.swindell
41,90BA,528,2fcd1680-a03b-4545-82fb-1a88e8c29f61,41.Pre,0m,41.Pre,LonePine,Pre,LTR,No,Lake_canyon,0,90_BA,1,99,0,0,0,0,0,0,100,100,0,8,0,0,0.01,0,0,55d34c3c-9dc2-4a25-b8ed-6f31efba65ba,7/30/2020 21:22,MSI.swindell,7/30/2020 21:22,MSI.swindell
42,90BA,533,5fd36e74-bacd-44b6-bf82-2bf7a504f979,42.Pre,7.5m,42.Pre,LonePine,Pre,LTR,No,Lake_canyon,0,90_BA,0,97,0,0,0,2,1,0,100,100,0,0,20,0,0.1,0.07,0,9b0e230b-1a86-4f27-8292-b04f9242c1ca,7/30/2020 21:22,MSI.swindell,7/30/2020 21:22,MSI.swindell
42,90BA,534,2314ac4b-29ae-4fbf-8b36-d3dd57b9e694,42.Pre,22.5m,42.Pre,LonePine,Pre,LTR,No,Lake_canyon,0,90_BA,0,85,0,0,0,0,5,10,100,100,0,3,2,0,0.03,0.03,0.15,9b0e230b-1a86-4f27-8292-b04f9242c1ca,7/30/2020 21:22,MSI.swindell,7/30/2020 21:22,MSI.swindell
42,90BA,532,9a390a09-8524-425f-86ae-92ba5373653c,42.Pre,0m,42.Pre,LonePine,Pre,LTR,No,Lake_canyon,0,90_BA,0,98,0,0,0,1,1,0,100,100,0,0,45,0,0.05,0.05,0,9b0e230b-1a86-4f27-8292-b04f9242c1ca,7/30/2020 21:22,MSI.swindell,7/30/2020 21:22,MSI.swindell
42,90BA,535,531679cb-5ab5-4a9b-aeaa-5f52d01df308,42.Pre,30m,42.Pre,LonePine,Pre,LTR,No,Lake_canyon,0,90_BA,0,98,0,0,0,1,1,0,100,100,0,0,45,0,0.12,0.07,0,9b0e230b-1a86-4f27-8292-b04f9242c1ca,7/30/2020 21:22,MSI.swindell,7/30/2020 21:22,MSI.swindell
43,90BA,537,b85092e6-3d94-4e93-b2c0-82da42c3bff2,43.Pre,7.5m,43.Pre,LonePine,Pre,LTR,No,Lake_canyon,0,90_BA,0,96,0,0,0,2,2,0,100,100,0,0,380,0,0.07,0.07,0.05,104a82a1-ddaf-4dde-9983-5601f7f93937,7/30/2020 21:22,MSI.swindell,7/30/2020 21:22,MSI.swindell
43,90BA,539,6e6b0171-8e6a-41e5-a2cf-c83673fce031,43.Pre,30m,43.Pre,LonePine,Pre,LTR,No,Lake_canyon,0,90_BA,0,96,0,0,0,2,2,0,100,100,0,0,150,0,0.1,0.1,0,104a82a1-ddaf-4dde-9983-5601f7f93937,7/30/2020 21:22,MSI.swindell,7/30/2020 21:22,MSI.swindell
43,90BA,536,f1dc9d73-deaf-4cbb-89a5-6faa354752f4,43.Pre,0m,43.Pre,LonePine,Pre,LTR,No,Lake_canyon,0,90_BA,10,90,0,0,0,0,0,0,100,100,0,3,0,0,0,0.02,0,104a82a1-ddaf-4dde-9983-5601f7f93937,7/30/2020 21:22,MSI.swindell,7/30/2020 21:22,MSI.swindell
43,90BA,538,a60ee9db-8c34-442b-841a-ac1a9a4a4d46,43.Pre,22.5m,43.Pre,LonePine,Pre,LTR,No,Lake_canyon,0,90_BA,0,98,0,0,0,2,0,0,100,100,0,5,45,0,0.1,0.1,0,104a82a1-ddaf-4dde-9983-5601f7f93937,7/30/2020 21:22,MSI.swindell,7/30/2020 21:22,MSI.swindell
44,90BA,545,19a8d293-8561-4b95-afb4-3734848ab697,44.Pre,22.5m,44.Pre,LonePine,Pre,LTR,No,Lake_canyon,0,90_BA,6,94,0,0,0,0,0,0,100,100,0,5,35,0,0.05,0.03,0,3329b36c-8810-48e9-85b5-af56255a4eed,7/30/2020 21:22,MSI.swindell,7/30/2020 21:22,MSI.swindell
44,90BA,546,3b614604-c4b4-4de7-809d-ff107e028e0b,44.Pre,7.5m,44.Pre,LonePine,Pre,LTR,No,Lake_canyon,0,90_BA,0,97,0,0,0,0,3,0,100,100,3,2,4,0,0.07,0.06,0,3329b36c-8810-48e9-85b5-af56255a4eed,7/30/2020 21:22,MSI.swindell,7/30/2020 21:22,MSI.swindell
44,90BA,544,80e7b962-9466-448d-89b4-d4b48cd75eb6,44.Pre,30m,44.Pre,LonePine,Pre,LTR,No,Lake_canyon,0,90_BA,0,99,0,0,0,0,1,0,100,100,1,12,30,0,0.05,0.12,0.1,3329b36c-8810-48e9-85b5-af56255a4eed,7/30/2020 21:22,MSI.swindell,7/30/2020 21:22,MSI.swindell
44,90BA,547,cfdc4eda-b438-4521-97e2-3e935565aadb,44.Pre,0m,44.Pre,LonePine,Pre,LTR,No,Lake_canyon,0,90_BA,0,90,0,0,0,0,10,0,100,100,2,20,0,0,0.01,0.01,0.3,3329b36c-8810-48e9-85b5-af56255a4eed,7/30/2020 21:22,MSI.swindell,7/30/2020 21:22,MSI.swindell
45,90BA,548,53107fcb-fb1b-4f0c-8404-1752ed27f049,45.Pre,0m,45.Pre,LonePine,Pre,LTR,No,Lake_canyon,0,90_BA,5,87,0,0,0,0,8,0,100,100,0,3,1,0,0.03,0.1,0.1,811e8644-6fa0-4e6a-a351-cbaaf4a15df8,7/30/2020 21:23,MSI.swindell,7/30/2020 21:23,MSI.swindell
45,90BA,549,955edfca-829e-457b-996d-6a32f80edc09,45.Pre,7.5m,45.Pre,LonePine,Pre,LTR,No,Lake_canyon,0,90_BA,0,99,0,0,0,0,1,0,100,100,1,5,7,0,0.01,0,0,811e8644-6fa0-4e6a-a351-cbaaf4a15df8,7/30/2020 21:23,MSI.swindell,7/30/2020 21:23,MSI.swindell
45,90BA,551,beb2576b-0dbd-4d10-90a3-9c0951c3fc06,45.Pre,30m,45.Pre,LonePine,Pre,LTR,No,Lake_canyon,0,90_BA,2,90,0,8,0,0,0,0,100,100,2,4,10,0,0.01,0.01,0,811e8644-6fa0-4e6a-a351-cbaaf4a15df8,7/30/2020 21:23,MSI.swindell,7/30/2020 21:23,MSI.swindell
45,90BA,550,e282e9a3-f0c1-4484-ae50-5c89a191abdd,45.Pre,22.5m,45.Pre,LonePine,Pre,LTR,No,Lake_canyon,0,90_BA,10,84,0,0,2,2,2,0,100,100,1,5,70,0,0.05,0.03,0,811e8644-6fa0-4e6a-a351-cbaaf4a15df8,7/30/2020 21:23,MSI.swindell,7/30/2020 21:23,MSI.swindell
46,70BA,540,273cd715-4f2e-4fd9-ac6c-77248524bc19,46,0m,46,LonePine,0,LTR,No,Lake_canyon,0,90_BA,0,96,0,0,0,2,2,0,100,100,0,0,70,0,0.07,0.05,0,cdc6e532-1d66-49a8-8db3-8a66c8ef7389,7/30/2020 21:22,MSI.swindell,7/30/2020 21:22,MSI.swindell
46,70BA,543,d559e44a-8459-44f1-81dd-e250e4a77871,46.Pre,30m,46.Pre,LonePine,Pre,LTR,No,Lake_canyon,0,90_BA,10,87,0,0,2,0,1,0,100,100,15,10,0,0,0.01,0.07,0,cdc6e532-1d66-49a8-8db3-8a66c8ef7389,7/30/2020 21:22,MSI.swindell,7/30/2020 21:22,MSI.swindell
46,70BA,542,c13aa1cd-e33e-4609-a4ee-0527742e7dfe,46,22.5m,46,LonePine,0,LTR,No,Lake_canyon,0,90_BA,0,100,0,0,0,0,0,0,100,100,25,20,0,0,0,0,0,cdc6e532-1d66-49a8-8db3-8a66c8ef7389,7/30/2020 21:22,MSI.swindell,7/30/2020 21:22,MSI.swindell
46,70BA,541,5cbb906d-fb10-47b2-a469-7c557ad41553,46,7.5m,46,LonePine,0,LTR,No,Lake_canyon,0,90_BA,0,97,0,0,3,0,0,0,100,100,0,0,40,0,0.01,0,0,cdc6e532-1d66-49a8-8db3-8a66c8ef7389,7/30/2020 21:22,MSI.swindell,7/30/2020 21:22,MSI.swindell
47,70BA,553,e2f30d98-e40d-45ae-801a-80f241c6a871,47.Pre,22.5m,47.Pre,LonePine,Pre,LTR,No,Lake_canyon,0,70_BA,0,49,0,0,0,1,0,50,100,100,0,0,15,0,0.04,0.01,0,951f8304-dfe9-4f93-ab4d-55bdb4fe514a,7/30/2020 21:23,MSI.swindell,7/30/2020 21:23,MSI.swindell
47,70BA,554,78bea6ad-781c-4ce1-b75a-ddbb9a94b251,47.Pre,7.5m,47.Pre,LonePine,Pre,LTR,No,Lake_canyon,0,70_BA,0,98,0,0,0,2,0,0,100,100,0,0,250,0,0.05,0.06,0.07,951f8304-dfe9-4f93-ab4d-55bdb4fe514a,7/30/2020 21:23,MSI.swindell,7/30/2020 21:23,MSI.swindell
47,70BA,552,d698f471-29e3-48b1-b638-1c91f57552ce,47.Pre,30m,47.Pre,LonePine,Pre,LTR,No,Lake_canyon,0,70_BA,4,92,0,3,0,1,0,0,100,100,0,1,30,0,0.01,0.2,0,951f8304-dfe9-4f93-ab4d-55bdb4fe514a,7/30/2020 21:23,MSI.swindell,7/30/2020 21:23,MSI.swindell
47,70BA,555,77fea29c-604a-456a-81b2-e95f5df50489,47.Pre,0m,47.Pre,LonePine,Pre,LTR,No,Lake_canyon,0,70_BA,10,85,0,1,0,1,0,3,100,100,0,1,55,0,0.02,0.03,0.9,951f8304-dfe9-4f93-ab4d-55bdb4fe514a,7/30/2020 21:23,MSI.swindell,7/30/2020 21:23,MSI.swindell
48,70BA,558,06f29711-465d-4e7c-a726-e9f2441c4d60,48.Pre,22.5m,48.Pre,LonePine,Pre,LTR,No,Lake_canyon,0,70_BA,0,96,0,0,0,2,2,0,100,100,0,0,30,0,0.01,0.03,0,c5beaffc-3d39-4bc9-988e-59aa0ae51674,7/30/2020 21:23,MSI.swindell,7/30/2020 21:23,MSI.swindell
48,70BA,559,3a7eea29-c85b-430e-8161-ff0051d6ddf8,48.Pre,30m,48.Pre,LonePine,Pre,LTR,No,Lake_canyon,0,70_BA,0,97,0,0,0,0,3,0,100,100,0,0,42,0,0,0,0,c5beaffc-3d39-4bc9-988e-59aa0ae51674,7/30/2020 21:23,MSI.swindell,7/30/2020 21:23,MSI.swindell
48,70BA,557,5be23986-b052-4dce-9614-3cb2c338f12f,48.Pre,7.5m,48.Pre,LonePine,Pre,LTR,No,Lake_canyon,0,70_BA,0,95,0,0,0,5,0,0,100,100,0,0,20,0,0,0.05,0,c5beaffc-3d39-4bc9-988e-59aa0ae51674,7/30/2020 21:23,MSI.swindell,7/30/2020 21:23,MSI.swindell
48,70BA,556,885ed7bd-4d00-4ec3-b6f8-d4092b28ce07,48.Pre,0m,48.Pre,LonePine,Pre,LTR,No,Lake_canyon,0,70_BA,0,93,0,0,0,0,7,0,100,100,3,5,0,0,0.02,0.03,0.09,c5beaffc-3d39-4bc9-988e-59aa0ae51674,7/30/2020 21:23,MSI.swindell,7/30/2020 21:23,MSI.swindell
49,70BA,560,c221fcd3-2fee-4f8c-8426-7b2538870803,49.Pre,0m,49.Pre,LonePine,Pre,LTR,No,Lake_canyon,0,70_BA,8,90,0,0,0,0,2,0,100,100,3,3,0,0,0,0.01,0,35109dd0-baee-442d-a3db-726755a1dd6c,7/30/2020 21:23,MSI.swindell,7/30/2020 21:23,MSI.swindell
49,70BA,561,b15d7b9d-21a7-42b0-ad4d-81c7736f7b86,49.Pre,7.5m,49.Pre,LonePine,Pre,LTR,No,Lake_canyon,0,70_BA,0,82,0,0,0,5,3,10,100,100,0,8,125,0,0.1,0.03,0.1,35109dd0-baee-442d-a3db-726755a1dd6c,7/30/2020 21:23,MSI.swindell,7/30/2020 21:23,MSI.swindell
49,70BA,562,874e246d-6b5a-4558-ac87-a8babc55e78d,49.Pre,22.5m,49.Pre,LonePine,Pre,LTR,No,Lake_canyon,0,70_BA,0,97,0,0,0,0,3,0,100,100,5,8,0,0,0.01,0.05,0,35109dd0-baee-442d-a3db-726755a1dd6c,7/30/2020 21:23,MSI.swindell,7/30/2020 21:23,MSI.swindell
49,70BA,563,0beba2bb-65e9-4e6f-bd5e-9356a696e2cb,49.Pre,30m,49.Pre,LonePine,Pre,LTR,No,Lake_canyon,0,70_BA,0,98,0,0,0,0,2,0,100,100,3,8,0,0,0.02,0.03,0,35109dd0-baee-442d-a3db-726755a1dd6c,7/30/2020 21:23,MSI.swindell,7/30/2020 21:23,MSI.swindell
50,70BA,564,3b5dc903-ed21-4416-8dfe-370c4ff1a138,50.Pre,30m,50.Pre,LonePine,Pre,LTR,No,Lake_canyon,0,70_BA,8,87,0,0,0,0,5,0,100,100,0,0,20,0,0.02,0.03,0,2a03049b-db1b-4309-8b6e-d9f974c29407,7/30/2020 21:23,MSI.swindell,7/30/2020 21:23,MSI.swindell
50,70BA,566,5965ef07-543d-42ed-aa06-197cb3449fb3,50.Pre,7.5m,50.Pre,LonePine,Pre,LTR,No,Lake_canyon,0,70_BA,0,90,0,0,0,5,5,0,100,100,0,0,76,0,0.3,0.3,0,2a03049b-db1b-4309-8b6e-d9f974c29407,7/30/2020 21:23,MSI.swindell,7/30/2020 21:23,MSI.swindell
50,70BA,565,db1c3eaa-cb75-4bf6-acab-a2d74c5d518d,50.Pre,22.5m,50.Pre,LonePine,Pre,LTR,No,Lake_canyon,0,70_BA,0,100,0,0,0,0,0,0,100,100,0,0,125,0,0,0,0,2a03049b-db1b-4309-8b6e-d9f974c29407,7/30/2020 21:23,MSI.swindell,7/30/2020 21:23,MSI.swindell
50,70BA,567,07e67787-1289-4842-a161-4756bad295b3,50.Pre,0m,50.Pre,LonePine,Pre,LTR,No,Lake_canyon,0,70_BA,0,90,0,0,0,5,5,0,100,100,0,0,120,0,0.3,0.3,0,2a03049b-db1b-4309-8b6e-d9f974c29407,7/30/2020 21:23,MSI.swindell,7/30/2020 21:23,MSI.swindell
51,70BA,570,a48587c9-50c3-4f95-860f-4e82d235a65e,51.Pre,7.5m,51.Pre,LonePine,Pre,LTR,No,Lake_canyon,0,70_BA,15,85,0,0,0,0,0,0,100,100,0,4,5,0,0.01,0,0.1,1cae8b29-5080-4fc1-b41c-3b7e53710be5,7/30/2020 21:23,MSI.swindell,7/30/2020 21:23,MSI.swindell
51,70BA,568,8be28414-5458-4dcb-8845-ff123b52f81d,51.Pre,30m,51.Pre,LonePine,Pre,LTR,No,Lake_canyon,0,70_BA,2,98,0,0,0,0,0,0,100,100,0,0,75,0,0.01,0,0,1cae8b29-5080-4fc1-b41c-3b7e53710be5,7/30/2020 21:23,MSI.swindell,7/30/2020 21:23,MSI.swindell
51,70BA,569,54dd5f05-cce2-4910-a1e5-c5f11a434c89,51.Pre,22.5m,51.Pre,LonePine,Pre,LTR,No,Lake_canyon,0,70_BA,0,75,0,0,0,0,20,5,100,100,0,0,2,0,0.1,0.3,0.7,1cae8b29-5080-4fc1-b41c-3b7e53710be5,7/30/2020 21:23,MSI.swindell,7/30/2020 21:23,MSI.swindell
51,70BA,571,c71b7a2b-19f6-4cad-89ee-992e3d021930,51.Pre,0m,51.Pre,LonePine,Pre,LTR,No,Lake_canyon,0,70_BA,0,100,0,0,0,0,0,0,100,100,0,5,30,0,0.03,0,0,1cae8b29-5080-4fc1-b41c-3b7e53710be5,7/30/2020 21:23,MSI.swindell,7/30/2020 21:23,MSI.swindell
52,70BA,572,e322b649-b1e7-4a2d-a0f5-c984d5efc98b,52.Pre,30m,52.Pre,LonePine,Pre,LTR,No,Lake_canyon,0,70_BA,10,87,0,0,1,1,1,0,100,100,3,0,25,0,0.01,0,0.03,80cd35ee-4ccb-4b79-97aa-8d92094cee10,7/30/2020 21:23,MSI.swindell,7/30/2020 21:23,MSI.swindell
52,70BA,573,833e0e70-7b80-48f2-951a-40c4a92f102c,52.Pre,22.5m,52.Pre,LonePine,Pre,LTR,No,Lake_canyon,0,70_BA,0,100,0,0,0,0,0,0,100,100,0,0,350,0,0.01,0,0.07,80cd35ee-4ccb-4b79-97aa-8d92094cee10,7/30/2020 21:23,MSI.swindell,7/30/2020 21:23,MSI.swindell
52,70BA,574,abc4c7bb-60c6-4bd9-9c3b-430bca9b1942,52.Pre,7.5m,52.Pre,LonePine,Pre,LTR,No,Lake_canyon,0,70_BA,25,75,0,0,0,0,0,0,100,100,0,6,0,0,0.01,0,0,80cd35ee-4ccb-4b79-97aa-8d92094cee10,7/30/2020 21:23,MSI.swindell,7/30/2020 21:23,MSI.swindell
52,70BA,575,7ad27354-0fc1-4192-9e07-18323a7da16c,52.Pre,0m,52.Pre,LonePine,Pre,LTR,No,Lake_canyon,0,70_BA,50,40,0,0,0,0,3,7,100,100,0,7,0,0,0.03,0.03,0.3,80cd35ee-4ccb-4b79-97aa-8d92094cee10,7/30/2020 21:23,MSI.swindell,7/30/2020 21:23,MSI.swindell
53,70BA,229,8f6ca688-3e1f-4d81-bf59-2ead27192206,53.Pre,0m,53.Pre,LonePine,Pre,LTR,No,Bradfield,0,70_BA,0,26,0,0,0,1,61,12,100,100,4,2,1,0,1.02,0.3,1,8dcc26ce-fcd9-4877-b4a8-89b7d54e1e36,7/23/2020 14:47,MSI.swindell,7/23/2020 14:47,MSI.swindell
53,70BA,232,81cc9d5b-4159-4288-8814-d4a6113e654b,53.Pre,30m,53.Pre,LonePine,Pre,LTR,No,Bradfield,0,70_BA,0,83,0,0,0,10,4,3,100,100,0,0,2,0,0.3,0.06,0,8dcc26ce-fcd9-4877-b4a8-89b7d54e1e36,7/23/2020 14:47,MSI.swindell,7/23/2020 14:47,MSI.swindell
53,70BA,230,8ecb3e2a-6072-48ba-b565-aeed88c456c4,53.Pre,7.5m,53.Pre,LonePine,Pre,LTR,No,Bradfield,0,70_BA,0,41,0,0,0,1,32,26,100,100,30,14,3,0,2,5,4,8dcc26ce-fcd9-4877-b4a8-89b7d54e1e36,7/23/2020 14:47,MSI.swindell,7/23/2020 14:47,MSI.swindell
53,70BA,231,a544ae9c-beb5-4171-9e01-3f615a527456,53.Pre,22.5m,53.Pre,LonePine,Pre,LTR,No,Bradfield,0,70_BA,0,90,0,0,0,0,2,8,100,100,0,1,3,0,0.1,0.2,0,8dcc26ce-fcd9-4877-b4a8-89b7d54e1e36,7/23/2020 14:47,MSI.swindell,7/23/2020 14:47,MSI.swindell
54,70BA,316,fca96596-2ff0-45de-b5da-f7b5ca3c23df,54.Pre,22.5m,54.Pre,LonePine,Pre,LTR,No,Best,0,70_BA,0,0,91,0,0,1,2,6,100,100,0,0,20,0,0.03,0.07,0.5,dd46a2a0-23fb-4ffd-8ce8-710f19dfd87e,7/23/2020 14:48,MSI.swindell,7/23/2020 14:48,MSI.swindell
54,70BA,317,3562bf24-080a-4de9-be56-fa7b9dad09e9,54.Pre,30m,54.Pre,LonePine,Pre,LTR,No,Best,0,70_BA,0,92,0,0,0,3,4,1,100,100,1,1,60,0,0.05,0.03,0,dd46a2a0-23fb-4ffd-8ce8-710f19dfd87e,7/23/2020 14:48,MSI.swindell,7/23/2020 14:48,MSI.swindell
54,70BA,315,18851bfc-f590-4041-a287-f298404313a4,54.Pre,7.5m,54.Pre,LonePine,Pre,LTR,No,Best,0,70_BA,0,42,0,0,0,1,15,42,100,100,0,1,20,0,0.7,2,3,dd46a2a0-23fb-4ffd-8ce8-710f19dfd87e,7/23/2020 14:48,MSI.swindell,7/23/2020 14:48,MSI.swindell
54,70BA,314,d7bf4e85-5a84-4861-99a9-bdcfe3cb28f0,54.Pre,0m,54.Pre,LonePine,Pre,LTR,No,Best,0,70_BA,0,79,0,0,0,0,8,13,100,100,0,1,5,0,0.6,0.5,3,dd46a2a0-23fb-4ffd-8ce8-710f19dfd87e,7/23/2020 14:48,MSI.swindell,7/23/2020 14:48,MSI.swindell
55,70BA,221,acc5baf5-751e-49c4-a996-b23c487b3fab,55.Pre,0m,55.Pre,LonePine,Pre,LTR,Yes,Bradfield,0,70_BA,10,81,0,0,0,3,6,0,100,100,2,1,20,0,0.08,0,0,60058ac2-9eb8-4960-8c52-b7548088b617,7/23/2020 14:47,MSI.swindell,7/23/2020 14:47,MSI.swindell
56,70BA,227,7edeec7e-a9ca-4343-af0c-aa2f15d38055,56.Pre,22.5m,56.Pre,LonePine,Pre,LTR,No,Bradfield,0,70_BA,0,95,0,0,0,0,1,4,100,100,4,0,10,0,0.07,0.09,0,70f166f4-cfc9-42e3-9914-6abeeafea558,7/23/2020 14:47,MSI.swindell,7/23/2020 14:47,MSI.swindell
56,70BA,228,826796dc-0c48-4cc7-90c4-78720b3b2a51,56.Pre,30m,56.Pre,LonePine,Pre,LTR,No,Bradfield,0,70_BA,0,92,0,0,0,3,5,0,100,100,5,3,77,0,0.1,0,0,70f166f4-cfc9-42e3-9914-6abeeafea558,7/23/2020 14:47,MSI.swindell,7/23/2020 14:47,MSI.swindell
56,70BA,225,87584157-20a1-4ff2-93b7-6cf44fe6b436,56.Pre,0m,56.Pre,LonePine,Pre,LTR,No,Bradfield,0,70_BA,0,95,0,0,0,1,2,2,100,100,0,3,4,0,0.05,0.06,0,70f166f4-cfc9-42e3-9914-6abeeafea558,7/23/2020 14:47,MSI.swindell,7/23/2020 14:47,MSI.swindell
56,70BA,226,015ce003-a08c-4c75-b354-383367aca562,56.Pre,7.5m,56.Pre,LonePine,Pre,LTR,No,Bradfield,0,70_BA,0,96,0,0,0,1,1,2,100,100,0,3,28,0,0.02,0.03,8,70f166f4-cfc9-42e3-9914-6abeeafea558,7/23/2020 14:47,MSI.swindell,7/23/2020 14:47,MSI.swindell
57,70BA,223,845fa0d8-d616-40a1-944a-094449158b9f,57.Pre,22.5m,57.Pre,LonePine,Pre,LTR,Yes,Bradfield,0,70_BA,0,95,0,0,0,0,0,5,100,100,0,1,4,0,0.02,0.05,0,60058ac2-9eb8-4960-8c52-b7548088b617,7/23/2020 14:47,MSI.swindell,7/23/2020 14:47,MSI.swindell
57,70BA,217,03205236-547c-40cb-b8ac-09f6881019f2,57.Pre,0m,57.Pre,LonePine,Pre,LTR,No,Bradfield,0,70_BA,2,93,0,2,2,0,1,0,100,100,4,2,0,0,0.02,0,0,7432b5f4-b90a-41a6-8086-78ae83c1d634,7/23/2020 14:47,MSI.swindell,7/23/2020 14:47,MSI.swindell
57,70BA,224,94c05f6a-8bad-41dc-a645-f2f57c069216,57.Pre,30m,57.Pre,LonePine,Pre,LTR,Yes,Bradfield,0,70_BA,0,94,0,0,0,3,2,1,100,100,1,5,19,0,0.04,0.02,0,60058ac2-9eb8-4960-8c52-b7548088b617,7/23/2020 14:47,MSI.swindell,7/23/2020 14:47,MSI.swindell
57,70BA,220,5770a073-1650-46a3-aaec-04e9dbc724b5,57.Pre,30m,57.Pre,LonePine,Pre,LTR,No,Bradfield,0,70_BA,1,89,0,0,0,2,3,5,100,100,2,0,30,0,0.02,0.05,0,7432b5f4-b90a-41a6-8086-78ae83c1d634,7/23/2020 14:47,MSI.swindell,7/23/2020 14:47,MSI.swindell
57,70BA,222,b44ac358-9f3e-42ce-a204-5b4dd4344c2e,57.Pre,7.5m,57.Pre,LonePine,Pre,LTR,Yes,Bradfield,0,70_BA,1,95,0,0,0,3,1,0,100,100,2,2,85,0,0.03,0,8,60058ac2-9eb8-4960-8c52-b7548088b617,7/23/2020 14:47,MSI.swindell,7/23/2020 14:47,MSI.swindell
57,70BA,219,763ba3a7-385a-446f-9d15-cec641ff95c3,57.Pre,22.5m,57.Pre,LonePine,Pre,LTR,No,Bradfield,0,70_BA,0,93,0,3,0,1,1,2,100,100,0,1,17,0,0.02,0.06,0,7432b5f4-b90a-41a6-8086-78ae83c1d634,7/23/2020 14:47,MSI.swindell,7/23/2020 14:47,MSI.swindell
57,70BA,218,83e05cc4-a964-4508-9f55-22cedce3ea3d,57.Pre,7.5m,57.Pre,LonePine,Pre,LTR,No,Bradfield,0,70_BA,1,90,0,3,1,0,4,1,100,100,1,0,2,0,0.05,0.1,0,7432b5f4-b90a-41a6-8086-78ae83c1d634,7/23/2020 14:47,MSI.swindell,7/23/2020 14:47,MSI.swindell
58,70BA,215,f939db65-add6-44d2-b015-ced9f492e6cc,58.Pre,22.5m,58.Pre,LonePine,Pre,LTR,0,Bradfield,0,70_BA,0,78,0,0,0,0,1,21,100,100,0,0,0,0,0.04,0.5,1.2,fa9ed505-8795-4b3c-9b29-3ed1017f2563,7/23/2020 14:47,MSI.swindell,7/23/2020 14:47,MSI.swindell
58,70BA,213,1a270c03-123b-47b7-9d1b-b3501caf46e8,58.Pre,0m,58.Pre,LonePine,Pre,LTR,0,Bradfield,0,70_BA,0,87,0,0,0,4,4,5,100,100,0,0,60,0,0.07,0.03,2,fa9ed505-8795-4b3c-9b29-3ed1017f2563,7/23/2020 14:47,MSI.swindell,7/23/2020 14:47,MSI.swindell
58,70BA,216,814073af-46ae-4a64-bc15-2e7cab2d09c9,58.Pre,30m,58.Pre,LonePine,Pre,LTR,No,Bradfield,0,70_BA,0,94,0,0,0,4,2,0,100,100,3,1,25,0,0.08,0.03,0,fa9ed505-8795-4b3c-9b29-3ed1017f2563,7/23/2020 14:47,MSI.swindell,7/23/2020 14:47,MSI.swindell
58,70BA,214,3488a68d-186b-4db0-98c1-1c5297e8f1c8,58.Pre,7.5m,58.Pre,LonePine,Pre,LTR,0,Bradfield,0,70_BA,0,95,0,0,0,1,3,1,100,100,0,0,30,0,0.07,0.09,0,fa9ed505-8795-4b3c-9b29-3ed1017f2563,7/23/2020 14:47,MSI.swindell,7/23/2020 14:47,MSI.swindell
59,70BA,212,36fce9ab-88a4-4207-8c36-4d8131db02f4,59.Pre,30m,59.Pre,LonePine,Pre,LTR,No,Bradfield,0,70_BA,0,87,0,0,0,2,5,6,100,100,0,0,100,0,0.1,0.9,0,d27e799f-a1e2-48fb-8220-e826ab5f07d7,7/23/2020 14:47,MSI.swindell,7/23/2020 14:47,MSI.swindell
59,70BA,209,00b85659-990e-47be-8199-6f2b3c2db0d4,59.Pre,0m,59.Pre,LonePine,Pre,LTR,No,Bradfield,0,70_BA,20,75,0,0,3,0,2,0,100,100,2,1,3,0,0.02,0,0,d27e799f-a1e2-48fb-8220-e826ab5f07d7,7/23/2020 14:47,MSI.swindell,7/23/2020 14:47,MSI.swindell
59,70BA,211,be7ae437-c8f7-47de-a512-4704b541f708,59.Pre,22.5m,59.Pre,LonePine,Pre,LTR,No,Bradfield,0,70_BA,0,93,0,0,0,5,2,0,100,100,0,0,35,0,0.05,0,0,d27e799f-a1e2-48fb-8220-e826ab5f07d7,7/23/2020 14:47,MSI.swindell,7/23/2020 14:47,MSI.swindell
59,70BA,210,4b698002-45b3-4890-9e82-e11ca445199f,59.Pre,7.5m,59.Pre,LonePine,Pre,LTR,No,Bradfield,0,70_BA,0,97,0,0,0,1,2,0,100,100,0,4,27,0,0.03,0,0,d27e799f-a1e2-48fb-8220-e826ab5f07d7,7/23/2020 14:47,MSI.swindell,7/23/2020 14:47,MSI.swindell
60,90BA,187,7686787e-8c70-4631-aaed-0e8669dfdc80,60.Pre,22.5m,60.Pre,LonePine,Pre,LTR,No,Bradfield,0,90_BA,2,64,0,4,0,22,8,0,100,100,0,5,26,0,0.02,0.09,0.1,8f985dba-dcd4-40d3-9a03-bdc92797007f,7/23/2020 14:47,MSI.swindell,7/23/2020 14:47,MSI.swindell
60,90BA,186,9ebe4448-a580-4721-bae6-b6e6825d7028,60.Pre,7.5m,60.Pre,LonePine,Pre,LTR,No,Bradfield,0,90_BA,0,95,0,0,0,2,3,0,100,100,0,3,18,0,0.04,0.07,0,8f985dba-dcd4-40d3-9a03-bdc92797007f,7/23/2020 14:47,MSI.swindell,7/23/2020 14:47,MSI.swindell
60,90BA,188,6c8324bb-870b-4b89-9c64-0ff5cc6442cf,60.Pre,30m,60.Pre,LonePine,Pre,LTR,No,Bradfield,0,90_BA,0,89,0,7,0,2,2,0,100,100,0,2,23,0,0.07,0.1,0,8f985dba-dcd4-40d3-9a03-bdc92797007f,7/23/2020 14:47,MSI.swindell,7/23/2020 14:47,MSI.swindell
60,90BA,185,7cacf05e-becd-41b9-9d0f-8c7d4ee50a8c,60.Pre,0m,60.Pre,LonePine,Pre,LTR,No,Bradfield,0,90_BA,0,61,0,0,0,26,7,6,100,100,0,1,27,0,0.06,0.4,0,8f985dba-dcd4-40d3-9a03-bdc92797007f,7/23/2020 14:47,MSI.swindell,7/23/2020 14:47,MSI.swindell
61,90BA,181,77183e31-56f6-497b-a162-b2d9e3fbedc8,61.Pre,30m,61.Pre,LonePine,Pre,LTR,No,Bradfield,0,90_BA,0,95,0,0,0,1,4,0,100,100,0,5,27,0,0.03,0.5,0,031bfe2d-4640-4aeb-bcce-b5078cafa4c4,7/23/2020 14:47,MSI.swindell,7/23/2020 14:47,MSI.swindell
61,90BA,182,ad0a067d-23b1-4947-a5f3-30cec4ad33d7,61.Pre,22.5m,61.Pre,LonePine,Pre,LTR,No,Bradfield,0,90_BA,10,89,0,0,0,0,1,0,100,100,0,1,3,0,0.02,0,0,031bfe2d-4640-4aeb-bcce-b5078cafa4c4,7/23/2020 14:47,MSI.swindell,7/23/2020 14:47,MSI.swindell
61,90BA,183,824c60f5-7604-471b-88d5-727fdde242af,61.Pre,0m,61.Pre,LonePine,Pre,LTR,No,Bradfield,0,90_BA,0,94,0,0,0,0,6,0,100,100,1,0,4,0,0.2,0.7,0,031bfe2d-4640-4aeb-bcce-b5078cafa4c4,7/23/2020 14:47,MSI.swindell,7/23/2020 14:47,MSI.swindell
61,90BA,184,4d4012ac-88b8-4456-ad17-6026c44d15fa,61.Pre,7.5m,61.Pre,LonePine,Pre,LTR,No,Bradfield,0,90_BA,0,54,0,0,0,42,4,0,100,100,0,1,6,0,0.06,0.03,0,031bfe2d-4640-4aeb-bcce-b5078cafa4c4,7/23/2020 14:47,MSI.swindell,7/23/2020 14:47,MSI.swindell
62,90BA,189,5b8f3588-8dc0-4a44-a917-f9a582de9c74,62.Pre,30m,62.Pre,LonePine,Pre,LTR,No,Bradfield,0,90_BA,0,86,0,0,0,5,9,0,100,100,0,0,95,0,0.09,0.7,0,c4193572-2eea-45af-9439-bc7f15347165,7/23/2020 14:47,MSI.swindell,7/23/2020 14:47,MSI.swindell
62,90BA,192,a4957c29-33f6-47a9-a81c-7dc513612261,62.Pre,0m,62.Pre,LonePine,Pre,LTR,No,Bradfield,0,90_BA,0,96,0,0,0,0,0,4,100,100,0,4,1,6,0.04,0.5,1.5,c4193572-2eea-45af-9439-bc7f15347165,7/23/2020 14:47,MSI.swindell,7/23/2020 14:47,MSI.swindell
62,90BA,190,779fe5a8-d6a6-49ed-b03d-edff3cb88732,62.Pre,22.5m,62.Pre,LonePine,Pre,LTR,No,Bradfield,0,90_BA,0,45,0,3,0,45,5,2,100,100,2,0,1,0,0.05,0.5,0.5,c4193572-2eea-45af-9439-bc7f15347165,7/23/2020 14:47,MSI.swindell,7/23/2020 14:47,MSI.swindell
62,90BA,191,6ac77baa-dfa7-4c5d-88dd-0b59c6b3ce7d,62.Pre,7.5m,62.Pre,LonePine,Pre,LTR,No,Bradfield,0,90_BA,0,78,0,0,0,16,6,0,100,100,0,1,72,0,0.05,0.3,0,c4193572-2eea-45af-9439-bc7f15347165,7/23/2020 14:47,MSI.swindell,7/23/2020 14:47,MSI.swindell
63,90BA,194,6d72ff05-5e66-4748-8a56-9b3408317878,63.Pre,7.5m,63.Pre,LonePine,Pre,LTR,No,Bradfield,0,90_BA,0,85,0,0,0,1,5,9,100,100,1,1,85,0,0.07,0.04,3.5,4b0df5f1-8233-4f42-8ea0-d00f01c7d177,7/23/2020 14:47,MSI.swindell,7/23/2020 14:47,MSI.swindell
63,90BA,195,2d680686-c60e-4c80-896f-ed8a7d25e41f,63.Pre,22.5m,63.Pre,LonePine,Pre,LTR,No,Bradfield,0,90_BA,0,97,0,0,0,2,1,0,100,100,0,1,46,0,0.03,0.03,0,4b0df5f1-8233-4f42-8ea0-d00f01c7d177,7/23/2020 14:47,MSI.swindell,7/23/2020 14:47,MSI.swindell
63,90BA,193,870cf4e3-989a-4c66-aa8a-f2b4ab6d6f3e,63.Pre,0m,63.Pre,LonePine,Pre,LTR,No,Bradfield,0,90_BA,0,96,0,0,0,0,4,0,100,100,2,0,3,0,0.06,0.08,0,4b0df5f1-8233-4f42-8ea0-d00f01c7d177,7/23/2020 14:47,MSI.swindell,7/23/2020 14:47,MSI.swindell
63,90BA,196,01ec1ac3-22d8-4e62-b6fb-1c143f32be8a,63.Pre,30m,63.Pre,LonePine,Pre,LTR,No,Bradfield,0,90_BA,40,39,0,0,0,0,3,18,100,100,1,1,0,0,0.07,0.1,5,4b0df5f1-8233-4f42-8ea0-d00f01c7d177,7/23/2020 14:47,MSI.swindell,7/23/2020 14:47,MSI.swindell
64,90BA,206,dfb0c533-0290-42d9-beca-2180c9189946,64.Pre,22.5m,64.Pre,LonePine,Pre,LTR,0,Bradfield,0,90_BA,0,76,0,0,0,0,4,20,100,100,2,1,0,0,0.07,0.1,5,95ec27f4-8df5-42ba-b124-7fbdf4b62527,7/23/2020 14:47,MSI.swindell,7/23/2020 14:47,MSI.swindell
64,90BA,207,faa2de36-9c48-4bda-9beb-1122cde6f693,64.Pre,22.5m,64.Pre,LonePine,Pre,LTR,0,Bradfield,0,90_BA,0,81,0,0,0,8,11,0,100,100,0,0,95,0,0.09,0.2,0,95ec27f4-8df5-42ba-b124-7fbdf4b62527,7/23/2020 14:47,MSI.swindell,7/23/2020 14:47,MSI.swindell
64,90BA,205,d7aa47b9-71ff-482c-8ecf-737671e2fcc4,64.Pre,0m,64.Pre,LonePine,Pre,LTR,0,Bradfield,0,90_BA,0,94,0,0,0,2,3,1,100,100,2,0,82,0,0.06,0.05,0,95ec27f4-8df5-42ba-b124-7fbdf4b62527,7/23/2020 14:47,MSI.swindell,7/23/2020 14:47,MSI.swindell
64,90BA,208,6192c0c7-182e-461d-a023-669c8ed5e999,64.Pre,30m,64.Pre,LonePine,Pre,LTR,No,Bradfield,0,90_BA,0,93,0,0,0,2,5,0,100,100,0,2,68,0,0.08,0.2,0,95ec27f4-8df5-42ba-b124-7fbdf4b62527,7/23/2020 14:47,MSI.swindell,7/23/2020 14:47,MSI.swindell
65,90BA,198,b7c6f832-0e43-43c4-a448-aad8d6e5e507,65.Pre,7.5m,65.Pre,LonePine,Pre,LTR,No,Bradfield,0,90_BA,0,89,0,0,0,1,4,6,100,100,0,1,8,0,0.03,0.02,0.3,72223db5-cb3d-4c27-aa82-baa35501c338,7/23/2020 14:47,MSI.swindell,7/23/2020 14:47,MSI.swindell
65,90BA,197,b2354231-4c52-48af-8f9d-9ff4fdac840d,65.Pre,0m,65.Pre,LonePine,Pre,LTR,No,Bradfield,0,90_BA,2,92,0,0,0,1,5,0,100,100,1,0,18,0,0.02,0.04,0,72223db5-cb3d-4c27-aa82-baa35501c338,7/23/2020 14:47,MSI.swindell,7/23/2020 14:47,MSI.swindell
65,90BA,200,f9f3f3b7-0360-425f-8ea8-980e40f61d83,65.Pre,30m,65.Pre,LonePine,Pre,LTR,No,Bradfield,0,90_BA,0,96,0,0,0,0,4,0,100,100,0,0,75,0,0.08,0.09,0,72223db5-cb3d-4c27-aa82-baa35501c338,7/23/2020 14:47,MSI.swindell,7/23/2020 14:47,MSI.swindell
65,90BA,199,a20b705b-53ee-43a8-88d7-d9c8ac5fc911,65.Pre,22.5m,65.Pre,LonePine,Pre,LTR,No,Bradfield,0,90_BA,1,96,0,0,0,0,3,0,100,100,2,1,0,0,0.09,0.05,0,72223db5-cb3d-4c27-aa82-baa35501c338,7/23/2020 14:47,MSI.swindell,7/23/2020 14:47,MSI.swindell
66,90BA,201,8c03ea1a-30b3-4a6b-ad95-4d105a276dd9,66.Pre,0m,66.Pre,LonePine,Pre,LTR,No,Bradfield,0,90_BA,18,76,0,0,0,1,2,3,100,100,0,0,22,0,0.02,0,1.5,06645bb5-914f-45db-8927-783c6751cc36,7/23/2020 14:47,MSI.swindell,7/23/2020 14:47,MSI.swindell
66,90BA,203,45e0027c-fe1a-491d-9269-c6c40ef2fce1,66.Pre,22.5m,66.Pre,LonePine,Pre,LTR,No,Bradfield,0,90_BA,0,94,0,0,0,2,4,0,100,100,1,1,89,0,0.02,0,0,06645bb5-914f-45db-8927-783c6751cc36,7/23/2020 14:47,MSI.swindell,7/23/2020 14:47,MSI.swindell
66,90BA,202,9f7ac4af-631b-4c4d-a82a-86fc89fccec1,66.Pre,7.5m,66.Pre,LonePine,Pre,LTR,No,Bradfield,0,90_BA,0,98,0,0,0,1,1,0,100,100,0,3,92,0,0.03,0,0,06645bb5-914f-45db-8927-783c6751cc36,7/23/2020 14:47,MSI.swindell,7/23/2020 14:47,MSI.swindell
66,90BA,204,c5b1bd96-30b2-47cd-b128-57479f0e667a,66.Pre,30m,66.Pre,LonePine,Pre,LTR,No,Bradfield,0,90_BA,15,83,0,0,0,0,2,0,100,100,0,0,0,4,0.05,0.07,0,06645bb5-914f-45db-8927-783c6751cc36,7/23/2020 14:47,MSI.swindell,7/23/2020 14:47,MSI.swindell
